common_name,scientific_name
Large Grey Babbler,Argya malcolmi
Slender-billed Babbler,Argya longirostris
Rufous Babbler,Argya subrufa
Jungle Babbler,Argya striata
Yellow-billed Babbler,Argya affinis
Common Babbler,Argya caudata
Striated Babbler,Argya earlei
Spot-breasted Laughingthrush,Garrulax merulinus
Lesser Necklaced Laughingthrush,Garrulax monileger
White-crested Laughingthrush,Garrulax leucolophus
Rufous-chinned Laughingthrush,Ianthocincla rufogularis
Moustached Laughingthrush,Ianthocincla cineracea
Spotted Laughingthrush,Ianthocincla ocellata
Wayanad Laughingthrush,Pterorhinus delesserti
Rufous-vented Laughingthrush,Pterorhinus gularis
Yellow-throated Laughingthrush,Pterorhinus galbanus
Rufous-necked Laughingthrush,Pterorhinus ruficollis
Chestnut-backed Laughingthrush,Pterorhinus nuchalis
White-browed Laughingthrush,Pterorhinus sannio
Greater Necklaced Laughingthrush,Pterorhinus pectoralis
Mount Victoria Babax,Pterorhinus woodi
White-throated Laughingthrush,Pterorhinus albogularis
Grey-sided Laughingthrush,Pterorhinus caerulatus
Asian Fairy-bluebird,Irena puella
Goldcrest,Regulus regulus
Spotted Elachura,Elachura formosa
Eurasian Wren,Troglodytes troglodytes
White-cheeked Nuthatch,Sitta leucopsis
Beautiful Nuthatch,Sitta formosa
Velvet-fronted Nuthatch,Sitta frontalis
Yunnan Nuthatch,Sitta yunnanensis
White-tailed Nuthatch,Sitta himalayensis
Chestnut-vented Nuthatch,Sitta nagaensis
Kashmir Nuthatch,Sitta cashmirensis
Indian Nuthatch,Sitta castanea
Chestnut-bellied Nuthatch,Sitta cinnamoventris
Wallcreeper,Tichodroma muraria
Hodgson's Treecreeper,Certhia hodgsoni
Bar-tailed Treecreeper,Certhia himalayana
Rusty-flanked Treecreeper,Certhia nipalensis
Sikkim Treecreeper,Certhia discolor
Hume's Treecreeper,Certhia manipurensis
Indian Spotted Creeper,Salpornis spilonota
Asian Glossy Starling,Aplonis panayensis
Spot-winged Starling,Saroglossa spilopterus
Golden-crested Myna,Ampeliceps coronatus
Common Hill Myna,Gracula religiosa
Southern Hill Myna,Gracula indica
Great Myna,Acridotheres grandis
Jungle Myna,Acridotheres fuscus
Collared Myna,Acridotheres albocinctus
Bank Myna,Acridotheres ginginianus
Common Myna,Acridotheres tristis
Red-billed Starling,Spodiopsar sericeus
White-cheeked Starling,Spodiopsar cineraceus
Indian Pied Myna,Gracupica contra
Daurian Starling,Agropsar sturninus
Chestnut-cheeked Starling,Agropsar philippensis
White-shouldered Starling,Sturnia sinensis
Chestnut-tailed Starling,Sturnia malabarica
White-headed Starling,Sturnia erythropygia
Malabar Starling,Sturnia blythii
Brahminy Starling,Sturnia pagodarum
Rosy Starling,Pastor roseus
Common Starling,Sturnus vulgaris
Grandala,Grandala coelicolor
Purple Cochoa,Cochoa purpurea
Green Cochoa,Cochoa viridis
Long-tailed Thrush,Zoothera dixoni
Alpine Thrush,Zoothera mollissima
Himalayan Thrush,Zoothera salimalii
Long-billed Thrush,Zoothera monticola
Dark-sided Thrush,Zoothera marginata
White's Thrush,Zoothera aurea
Scaly Thrush,Zoothera dauma
Nilgiri Thrush,Zoothera neilgherriensis
Siberian Thrush,Geokichla sibirica
Pied Thrush,Geokichla wardii
Orange-headed Thrush,Geokichla citrina
Chinese Thrush,Turdus mupinensis
Song Thrush,Turdus philomelos
Mistle Thrush,Turdus viscivorus
Chinese Blackbird,Turdus mandarinus
Grey-winged Blackbird,Turdus boulboul
Indian Blackbird,Turdus simillimus
Tickell's Thrush,Turdus unicolor
Black-breasted Thrush,Turdus dissimilis
Japanese Thrush,Turdus cardis
Eyebrowed Thrush,Turdus obscurus
Grey-sided Thrush,Turdus feae
Tibetan Blackbird,Turdus maximus
White-backed Thrush,Turdus kessleri
Fieldfare,Turdus pilaris
Black-throated Thrush,Turdus atrogularis
Red-throated Thrush,Turdus ruficollis
Dusky Thrush,Turdus eunomus
Naumann's Thrush,Turdus naumanni
Chestnut Thrush,Turdus rubrocanus
White-collared Blackbird,Turdus albocinctus
Rufous-tailed Scrub Robin,Cercotrichas galactotes
Oriental Magpie-Robin,Copsychus saularis
Indian Robin,Copsychus fulicatus
Andaman Shama,Copsychus albiventris
White-crowned Shama,Copsychus stricklandii
White-rumped Shama,Copsychus malabaricus
Dark-sided Flycatcher,Muscicapa sibirica
Ferruginous Flycatcher,Muscicapa ferruginea
Brown-breasted Flycatcher,Muscicapa muttui
Asian Brown Flycatcher,Muscicapa dauurica
Spotted Flycatcher,Muscicapa striata
White-tailed Flycatcher,Leucoptilon concretum
Nilgiri Blue Robin,Sholicola major
White-bellied Blue Robin,Sholicola albiventris
Rufous-bellied Niltava,Niltava sundara
Chinese Vivid Niltava,Niltava oatesi
Small Niltava,Niltava macgrigoriae
Large Niltava,Niltava grandis
Blue-and-white Flycatcher,Cyanoptila cyanomelana
Zappey's Flycatcher,Cyanoptila cumatilis
Nilgiri Flycatcher,Eumyias albicaudatus
Verditer Flycatcher,Eumyias thalassinus
White-gorgeted Flycatcher,Anthipes monileger
Pale Blue Flycatcher,Cyornis unicolor
Blue-throated Blue Flycatcher,Cyornis rubeculoides
White-bellied Blue Flycatcher,Cyornis pallidipes
Nicobar Jungle Flycatcher,Cyornis nicobaricus
Large Blue Flycatcher,Cyornis magnirostris
Tickell's Blue Flycatcher,Cyornis tickelliae
Hill Blue Flycatcher,Cyornis whitei
Pale-chinned Blue Flycatcher,Cyornis poliogenys
Bluethroat,Luscinia svecica
White-bellied Redstart,Luscinia phaenicuroides
White-tailed Robin,Myiomela leucura
Firethroat,Calliope pectardens
Siberian Rubythroat,Calliope calliope
Himalayan Rubythroat,Calliope pectoralis
Chinese Rubythroat,Calliope tschebaiewi
Little Forktail,Enicurus scouleri
Black-backed Forktail,Enicurus immaculatus
Slaty-backed Forktail,Enicurus schistaceus
Spotted Forktail,Enicurus maculatus
White-crowned Forktail,Enicurus leschenaulti
Blue-fronted Robin,Cinclidium frontale
Blue Whistling Thrush,Myophonus caeruleus
Malabar Whistling Thrush,Myophonus horsfieldii
Himalayan Shortwing,Brachypteryx cruralis
Rusty-bellied Shortwing,Brachypteryx hyperythra
Lesser Shortwing,Brachypteryx leucophris
Siberian Blue Robin,Larvivora cyane
Indian Blue Robin,Larvivora brunnea
Yellow-rumped Flycatcher,Ficedula zanthopygia
Slaty-blue Flycatcher,Ficedula tricolor
Snowy-browed Flycatcher,Ficedula hyperythra
Mugimaki Flycatcher,Ficedula mugimaki
Slaty-backed Flycatcher,Ficedula erithacus
Pygmy Flycatcher,Ficedula hodgsoni
Rufous-gorgeted Flycatcher,Ficedula strophiata
Sapphire Flycatcher,Ficedula sapphira
Ultramarine Flycatcher,Ficedula superciliaris
Little Pied Flycatcher,Ficedula westermanni
Rusty-tailed Flycatcher,Ficedula ruficauda
Kashmir Flycatcher,Ficedula subrubra
Red-breasted Flycatcher,Ficedula parva
Taiga Flycatcher,Ficedula albicilla
Black-and-orange Flycatcher,Ficedula nigrorufa
White-browed Bush Robin,Tarsiger indicus
Golden Bush Robin,Tarsiger chrysaeus
Rufous-breasted Bush Robin,Tarsiger hyperythrus
Red-flanked Bluetail,Tarsiger cyanurus
Himalayan Bluetail,Tarsiger rufilatus
Gould's Shortwing,Heteroxenicus stellatus
Eversmann's Redstart,Phoenicurus erythronotus
Blue-fronted Redstart,Phoenicurus frontalis
Blue-capped Redstart,Phoenicurus coeruleocephala
White-throated Redstart,Phoenicurus schisticeps
Plumbeous Water Redstart,Phoenicurus fuliginosus
White-capped Redstart,Phoenicurus leucocephalus
Black Redstart,Phoenicurus ochruros
Common Redstart,Phoenicurus phoenicurus
Daurian Redstart,Phoenicurus auroreus
Hodgson's Redstart,Phoenicurus hodgsoni
Güldenstädt's Redstart,Phoenicurus erythrogastrus
Blue-capped Rock Thrush,Monticola cinclorhyncha
Chestnut-bellied Rock Thrush,Monticola rufiventris
Common Rock Thrush,Monticola saxatilis
Blue Rock Thrush,Monticola solitarius
Jerdon's Bush Chat,Saxicola jerdoni
Grey Bush Chat,Saxicola ferreus
Whinchat,Saxicola rubetra
White-browed Bush Chat,Saxicola macrorhynchus
Pied Bush Chat,Saxicola caprata
White-throated Bush Chat,Saxicola insignis
White-tailed Stonechat,Saxicola leucurus
Amur Stonechat,Saxicola stejnegeri
Siberian Stonechat,Saxicola maurus
Northern Wheatear,Oenanthe oenanthe
Isabelline Wheatear,Oenanthe isabellina
Desert Wheatear,Oenanthe deserti
Pied Wheatear,Oenanthe pleschanka
Brown Rock Chat,Oenanthe fusca
Variable Wheatear,Oenanthe picata
Finsch's Wheatear,Oenanthe finschii
Red-tailed Wheatear,Oenanthe chrysopygia
Hume's Wheatear,Oenanthe albonigra
White-throated Dipper,Cinclus cinclus
Brown Dipper,Cinclus pallasii
Blue-winged Leafbird,Chloropsis moluccensis
Jerdon's Leafbird,Chloropsis jerdoni
Golden-fronted Leafbird,Chloropsis aurifrons
Orange-bellied Leafbird,Chloropsis hardwickii
Thick-billed Flowerpecker,Dicaeum agile
Yellow-vented Flowerpecker,Dicaeum chrysorrheum
Yellow-bellied Flowerpecker,Dicaeum melanozanthum
Pale-billed Flowerpecker,Dicaeum erythrorhynchos
Nilgiri Flowerpecker,Dicaeum concolor
Plain Flowerpecker,Dicaeum minullum
Andaman Flowerpecker,Dicaeum virescens
Fire-breasted Flowerpecker,Dicaeum ignipectus
Scarlet-backed Flowerpecker,Dicaeum cruentatum
Ruby-cheeked Sunbird,Chalcoparia singalensis
Purple-rumped Sunbird,Leptocoma zeylonica
Crimson-backed Sunbird,Leptocoma minima
Van Hasselt's Sunbird,Leptocoma brasiliana
Purple Sunbird,Cinnyris asiaticus
Loten's Sunbird,Cinnyris lotenius
Mrs. Gould's Sunbird,Aethopyga gouldiae
Green-tailed Sunbird,Aethopyga nipalensis
Black-throated Sunbird,Aethopyga saturata
Crimson Sunbird,Aethopyga siparaja
Vigors's Sunbird,Aethopyga vigorsii
Fire-tailed Sunbird,Aethopyga ignicauda
Little Spiderhunter,Arachnothera longirostra
Streaked Spiderhunter,Arachnothera magna
Pale Rockfinch,Carpospiza brachydactyla
Rock Sparrow,Petronia petronia
White-rumped Snowfinch,Onychostruthus taczanowskii
Black-winged Snowfinch,Montifringilla adamsi
Rufous-necked Snowfinch,Pyrgilauda ruficollis
Blanford's Snowfinch,Pyrgilauda blanfordi
Yellow-throated Sparrow,Gymnoris xanthocollis
Sind Sparrow,Passer pyrrhonotus
Russet Sparrow,Passer cinnamomeus
Eurasian Tree Sparrow,Passer montanus
Spanish Sparrow,Passer hispaniolensis
House Sparrow,Passer domesticus
Black-breasted Weaver,Ploceus benghalensis
Streaked Weaver,Ploceus manyar
Baya Weaver,Ploceus philippinus
Finn's Weaver,Ploceus megarhynchus
Indian Silverbill,Euodice malabarica
Scaly-breasted Munia,Lonchura punctulata
Black-throated Munia,Lonchura kelaarti
White-rumped Munia,Lonchura striata
Tricolored Munia,Lonchura malacca
Chestnut Munia,Lonchura atricapilla
Green Avadavat,Amandava formosa
Red Avadavat,Amandava amandava
Alpine Accentor,Prunella collaris
Altai Accentor,Prunella himalayana
Robin Accentor,Prunella rubeculoides
Rufous-breasted Accentor,Prunella strophiata
Brown Accentor,Prunella fulvescens
Black-throated Accentor,Prunella atrogularis
Maroon-backed Accentor,Prunella immaculata
Forest Wagtail,Dendronanthus indicus
Western Yellow Wagtail,Motacilla flava
Eastern Yellow Wagtail,Motacilla tschutschensis
Citrine Wagtail,Motacilla citreola
Grey Wagtail,Motacilla cinerea
White Wagtail,Motacilla alba
White-browed Wagtail,Motacilla maderaspatensis
Richard's Pipit,Anthus richardi
Paddyfield Pipit,Anthus rufulus
Blyth's Pipit,Anthus godlewskii
Tawny Pipit,Anthus campestris
Long-billed Pipit,Anthus similis
Meadow Pipit,Anthus pratensis
Tree Pipit,Anthus trivialis
Olive-backed Pipit,Anthus hodgsoni
Rosy Pipit,Anthus roseatus
Red-throated Pipit,Anthus cervinus
Buff-bellied Pipit,Anthus rubescens
Water Pipit,Anthus spinoletta
Nilgiri Pipit,Anthus nilghiriensis
Upland Pipit,Anthus sylvanus
Eurasian Chaffinch,Fringilla coelebs
Brambling,Fringilla montifringilla
Black-and-yellow Grosbeak,Mycerobas icterioides
Collared Grosbeak,Mycerobas affinis
Spot-winged Grosbeak,Mycerobas melanozanthos
White-winged Grosbeak,Mycerobas carnipes
Hawfinch,Coccothraustes coccothraustes
Brown Bullfinch,Pyrrhula nipalensis
Orange Bullfinch,Pyrrhula aurantiaca
Red-headed Bullfinch,Pyrrhula erythrocephala
Grey-headed Bullfinch,Pyrrhula erythaca
Asian Crimson-winged Finch,Rhodopechys sanguineus
Trumpeter Finch,Bucanetes githagineus
Mongolian Finch,Bucanetes mongolicus
Blanford's Rosefinch,Agraphospiza rubescens
Spectacled Finch,Callacanthis burtoni
Golden-naped Finch,Pyrrhoplectes epauletta
Dark-breasted Rosefinch,Procarduelis nipalensis
Plain Mountain Finch,Leucosticte nemoricola
Brandt's Mountain Finch,Leucosticte brandti
Common Rosefinch,Carpodacus erythrinus
Scarlet Finch,Carpodacus sipahi
Streaked Rosefinch,Carpodacus rubicilloides
Great Rosefinch,Carpodacus rubicilla
Blyth's Rosefinch,Carpodacus grandis
Himalayan Beautiful Rosefinch,Carpodacus pulcherrimus
Pink-rumped Rosefinch,Carpodacus waltoni
Pink-browed Rosefinch,Carpodacus rodochroa
Dark-rumped Rosefinch,Carpodacus edwardsii
Spot-winged Rosefinch,Carpodacus rodopeplus
Vinaceous Rosefinch,Carpodacus vinaceus
Pale Rosefinch,Carpodacus stoliczkae
Sillem's Rosefinch,Carpodacus sillemi
Pallas's Rosefinch,Carpodacus roseus
Himalayan White-browed Rosefinch,Carpodacus thura
Chinese White-browed Rosefinch,Carpodacus dubius
Red-fronted Rosefinch,Carpodacus puniceus
Crimson-browed Finch,Carpodacus subhimachalus
Yellow-breasted Greenfinch,Chloris spinoides
Black-headed Greenfinch,Chloris ambigua
Desert Finch,Rhodospiza obsoleta
Twite,Linaria flavirostris
Common Linnet,Linaria cannabina
Red Crossbill,Loxia curvirostra
European Goldfinch,Carduelis carduelis
Red-fronted Serin,Serinus pusillus
Tibetan Serin,Spinus thibetanus
Eurasian Siskin,Spinus spinus
Lapland Longspur,Calcarius lapponicus
Crested Bunting,Emberiza lathami
Yellowhammer,Emberiza citrinella
Pine Bunting,Emberiza leucocephalos
Rock Bunting,Emberiza cia
Godlewski's Bunting,Emberiza godlewskii
Meadow Bunting,Emberiza cioides
White-capped Bunting,Emberiza stewarti
Grey-necked Bunting,Emberiza buchanani
Ortolan Bunting,Emberiza hortulana
Striolated Bunting,Emberiza striolata
Tristram's Bunting,Emberiza tristrami
Chestnut-eared Bunting,Emberiza fucata
Little Bunting,Emberiza pusilla
Yellow-browed Bunting,Emberiza chrysophrys
Rustic Bunting,Emberiza rustica
Yellow-breasted Bunting,Emberiza aureola
Chestnut Bunting,Emberiza rutila
Black-headed Bunting,Emberiza melanocephala
Red-headed Bunting,Emberiza bruniceps
Black-faced Bunting,Emberiza spodocephala
Common Reed Bunting,Emberiza schoeniclus
Fulvous Whistling Duck,Dendrocygna bicolor
Lesser Whistling Duck,Dendrocygna javanica
Red-breasted Goose,Branta ruficollis
Barnacle Goose,Branta leucopsis
Bar-headed Goose,Anser indicus
Greylag Goose,Anser anser
Taiga Bean Goose,Anser fabalis
Tundra Bean Goose,Anser serrirostris
Greater White-fronted Goose,Anser albifrons
Lesser White-fronted Goose,Anser erythropus
Mute Swan,Cygnus olor
Tundra Swan,Cygnus columbianus
Whooper Swan,Cygnus cygnus
Knob-billed Duck,Sarkidiornis melanotos
Common Shelduck,Tadorna tadorna
Ruddy Shelduck,Tadorna ferruginea
White-winged Duck,Asarcornis scutulata
Mandarin Duck,Aix galericulata
Cotton Pygmy Goose,Nettapus coromandelianus
Baikal Teal,Sibirionetta formosa
Garganey,Spatula querquedula
Northern Shoveler,Spatula clypeata
Gadwall,Mareca strepera
Falcated Duck,Mareca falcata
Eurasian Wigeon,Mareca penelope
Indian Spot-billed Duck,Anas poecilorhyncha
Eastern Spot-billed Duck,Anas zonorhyncha
Mallard,Anas platyrhynchos
Northern Pintail,Anas acuta
Eurasian Teal,Anas crecca
Andaman Teal,Anas albogularis
Marbled Duck,Marmaronetta angustirostris
Pink-headed Duck,Rhodonessa caryophyllacea
Red-crested Pochard,Netta rufina
Common Pochard,Aythya ferina
Baer's Pochard,Aythya baeri
Ferruginous Duck,Aythya nyroca
Tufted Duck,Aythya fuligula
Greater Scaup,Aythya marila
Long-tailed Duck,Clangula hyemalis
Common Goldeneye,Bucephala clangula
Smew,Mergellus albellus
Common Merganser,Mergus merganser
Red-breasted Merganser,Mergus serrator
White-headed Duck,Oxyura leucocephala
Nicobar Megapode,Megapodius nicobariensis
Hill Partridge,Arborophila torqueola
Chestnut-breasted Partridge,Arborophila mandellii
Rufous-throated Partridge,Arborophila rufogularis
White-cheeked Partridge,Arborophila atrogularis
Snow Partridge,Lerwa lerwa
Blood Pheasant,Ithaginis cruentus
Western Tragopan,Tragopan melanocephalus
Satyr Tragopan,Tragopan satyra
Blyth's Tragopan,Tragopan blythii
Temminck's Tragopan,Tragopan temminckii
Himalayan Monal,Lophophorus impejanus
Sclater's Monal,Lophophorus sclateri
Koklass Pheasant,Pucrasia macrolopha
Tibetan Partridge,Perdix hodgsoniae
Mrs. Hume's Pheasant,Syrmaticus humiae
Cheer Pheasant,Catreus wallichii
Kalij Pheasant,Lophura leucomelanos
Indian Peafowl,Pavo cristatus
Green Peafowl,Pavo muticus
Red Spurfowl,Galloperdix spadicea
Painted Spurfowl,Galloperdix lunulata
Grey Peacock-Pheasant,Polyplectron bicalcaratum
Mountain Bamboo Partridge,Bambusicola fytchii
Red Junglefowl,Gallus gallus
Grey Junglefowl,Gallus sonneratii
Grey Francolin,Ortygornis pondicerianus
Swamp Francolin,Ortygornis gularis
Chinese Francolin,Francolinus pintadeanus
Black Francolin,Francolinus francolinus
Painted Francolin,Francolinus pictus
Tibetan Snowcock,Tetraogallus tibetanus
Himalayan Snowcock,Tetraogallus himalayensis
King Quail,Synoicus chinensis
Common Quail,Coturnix coturnix
Japanese Quail,Coturnix japonica
Rain Quail,Coturnix coromandelica
Chukar Partridge,Alectoris chukar
Jungle Bush Quail,Perdicula asiatica
Rock Bush Quail,Perdicula argoondah
Painted Bush Quail,Perdicula erythrorhyncha
Manipur Bush Quail,Perdicula manipurensis
Himalayan Quail,Ophrysia superciliosa
Great Eared Nightjar,Lyncornis macrotis
Jungle Nightjar,Caprimulgus indicus
Grey Nightjar,Caprimulgus jotaka
European Nightjar,Caprimulgus europaeus
Sykes's Nightjar,Caprimulgus mahrattensis
Jerdon's Nightjar,Caprimulgus atripennis
Large-tailed Nightjar,Caprimulgus macrurus
Andaman Nightjar,Caprimulgus andamanicus
Indian Nightjar,Caprimulgus asiaticus
Savanna Nightjar,Caprimulgus affinis
Sri Lanka Frogmouth,Batrachostomus moniliger
Hodgson's Frogmouth,Batrachostomus hodgsoni
Crested Treeswift,Hemiprocne coronata
Plume-toed Swiftlet,Collocalia affinis
Indian Swiftlet,Aerodramus unicolor
Himalayan Swiftlet,Aerodramus brevirostris
Edible-nest Swiftlet,Aerodramus fuciphagus
White-rumped Spinetail,Zoonavena sylvatica
White-throated Needletail,Hirundapus caudacutus
Silver-backed Needletail,Hirundapus cochinchinensis
Brown-backed Needletail,Hirundapus giganteus
Asian Palm Swift,Cypsiurus balasiensis
Alpine Swift,Tachymarptis melba
Common Swift,Apus apus
Pallid Swift,Apus pallidus
Pacific Swift,Apus pacificus
Blyth's Swift,Apus leuconyx
Dark-rumped Swift,Apus acuticauda
Little Swift,Apus affinis
House Swift,Apus nipalensis
Great Indian Bustard,Ardeotis nigriceps
Macqueen's Bustard,Chlamydotis macqueenii
Bengal Florican,Houbaropsis bengalensis
Lesser Florican,Sypheotides indicus
Little Bustard,Tetrax tetrax
Greater Coucal,Centropus sinensis
Lesser Coucal,Centropus bengalensis
Andaman Coucal,Centropus andamanensis
Sirkeer Malkoha,Taccocua leschenaultii
Blue-faced Malkoha,Phaenicophaeus viridirostris
Green-billed Malkoha,Phaenicophaeus tristis
Chestnut-winged Cuckoo,Clamator coromandus
Jacobin Cuckoo,Clamator jacobinus
Asian Koel,Eudynamys scolopaceus
Asian Emerald Cuckoo,Chrysococcyx maculatus
Violet Cuckoo,Chrysococcyx xanthorhynchus
Horsfield's Bronze Cuckoo,Chrysococcyx basalis
Banded Bay Cuckoo,Cacomantis sonneratii
Plaintive Cuckoo,Cacomantis merulinus
Grey-bellied Cuckoo,Cacomantis passerinus
Square-tailed Drongo-Cuckoo,Surniculus lugubris
Fork-tailed Drongo-Cuckoo,Surniculus dicruroides
Large Hawk-Cuckoo,Hierococcyx sparverioides
Common Hawk-Cuckoo,Hierococcyx varius
Hodgson's Hawk-Cuckoo,Hierococcyx nisicolor
Lesser Cuckoo,Cuculus poliocephalus
Indian Cuckoo,Cuculus micropterus
Himalayan Cuckoo,Cuculus saturatus
Common Cuckoo,Cuculus canorus
Tibetan Sandgrouse,Syrrhaptes tibetanus
Pallas's Sandgrouse,Syrrhaptes paradoxus
Pin-tailed Sandgrouse,Pterocles alchata
Chestnut-bellied Sandgrouse,Pterocles exustus
Spotted Sandgrouse,Pterocles senegallus
Black-bellied Sandgrouse,Pterocles orientalis
Painted Sandgrouse,Pterocles indicus
Rock Dove,Columba livia
Hill Pigeon,Columba rupestris
Snow Pigeon,Columba leuconota
Yellow-eyed Pigeon,Columba eversmanni
Common Wood Pigeon,Columba palumbus
Speckled Wood Pigeon,Columba hodgsonii
Ashy Wood Pigeon,Columba pulchricollis
Nilgiri Wood Pigeon,Columba elphinstonii
Pale-capped Pigeon,Columba punicea
Andaman Wood Pigeon,Columba palumboides
European Turtle Dove,Streptopelia turtur
Oriental Turtle Dove,Streptopelia orientalis
Eurasian Collared Dove,Streptopelia decaocto
Red Collared Dove,Streptopelia tranquebarica
Spotted Dove,Spilopelia chinensis
Laughing Dove,Spilopelia senegalensis
Barred Cuckoo-Dove,Macropygia unchall
Andaman Cuckoo-Dove,Macropygia rufipennis
Namaqua Dove,Oena capensis
Common Emerald Dove,Chalcophaps indica
Nicobar Pigeon,Caloenas nicobarica
Orange-breasted Green Pigeon,Treron bicinctus
Grey-fronted Green Pigeon,Treron affinis
Ashy-headed Green Pigeon,Treron phayrei
Andaman Green Pigeon,Treron chloropterus
Thick-billed Green Pigeon,Treron curvirostra
Yellow-footed Green Pigeon,Treron phoenicopterus
Pin-tailed Green Pigeon,Treron apicauda
Wedge-tailed Green Pigeon,Treron sphenurus
Green Imperial Pigeon,Ducula aenea
Nicobar Imperial Pigeon,Ducula nicobarica
Malabar Imperial Pigeon,Ducula cuprea
Mountain Imperial Pigeon,Ducula badia
Pied Imperial Pigeon,Ducula bicolor
Masked Finfoot,Heliopais personatus
Water Rail,Rallus aquaticus
Brown-cheeked Rail,Rallus indicus
Corn Crake,Crex crex
Slaty-breasted Rail,Lewinia striata
Spotted Crake,Porzana porzana
Common Moorhen,Gallinula chloropus
Eurasian Coot,Fulica atra
Grey-headed Swamphen,Porphyrio poliocephalus
Ruddy-breasted Crake,Zapornia fusca
Black-tailed Crake,Zapornia bicolor
Brown Crake,Zapornia akool
Baillon's Crake,Zapornia pusilla
Little Crake,Zapornia parva
Slaty-legged Crake,Rallina eurizonoides
Andaman Crake,Rallina canningi
Red-legged Crake,Rallina fasciata
White-browed Crake,Poliolimnas cinereus
Watercock,Gallicrex cinerea
White-breasted Waterhen,Amaurornis phoenicurus
Siberian Crane,Leucogeranus leucogeranus
Sarus Crane,Antigone antigone
Demoiselle Crane,Grus virgo
Common Crane,Grus grus
Black-necked Crane,Grus nigricollis
Little Grebe,Tachybaptus ruficollis
Red-necked Grebe,Podiceps grisegena
Great Crested Grebe,Podiceps cristatus
Horned Grebe,Podiceps auritus
Black-necked Grebe,Podiceps nigricollis
Greater Flamingo,Phoenicopterus roseus
Lesser Flamingo,Phoeniconaias minor
Common Buttonquail,Turnix sylvaticus
Yellow-legged Buttonquail,Turnix tanki
Barred Buttonquail,Turnix suscitator
Indian Stone-curlew,Burhinus indicus
Great Stone-curlew,Esacus recurvirostris
Beach Stone-curlew,Esacus magnirostris
Eurasian Oystercatcher,Haematopus ostralegus
Ibisbill,Ibidorhyncha struthersii
Black-winged Stilt,Himantopus himantopus
Pied Avocet,Recurvirostra avosetta
Northern Lapwing,Vanellus vanellus
River Lapwing,Vanellus duvaucelii
Yellow-wattled Lapwing,Vanellus malabaricus
Grey-headed Lapwing,Vanellus cinereus
Red-wattled Lapwing,Vanellus indicus
Sociable Lapwing,Vanellus gregarius
White-tailed Lapwing,Vanellus leucurus
European Golden Plover,Pluvialis apricaria
Pacific Golden Plover,Pluvialis fulva
American Golden Plover,Pluvialis dominica
Grey Plover,Pluvialis squatarola
Common Ringed Plover,Charadrius hiaticula
Long-billed Plover,Charadrius placidus
Little Ringed Plover,Charadrius dubius
Kentish Plover,Charadrius alexandrinus
White-faced Plover,Charadrius dealbatus
Greater Sand Plover,Charadrius leschenaultii
Siberian Sand Plover,Charadrius mongolus
Tibetan Sand Plover,Charadrius atrifrons
Caspian Plover,Charadrius asiaticus
Oriental Plover,Charadrius veredus
Greater Painted-snipe,Rostratula benghalensis
Pheasant-tailed Jacana,Hydrophasianus chirurgus
Bronze-winged Jacana,Metopidius indicus
Eurasian Whimbrel,Numenius phaeopus
Eurasian Curlew,Numenius arquata
Bar-tailed Godwit,Limosa lapponica
Black-tailed Godwit,Limosa limosa
Ruddy Turnstone,Arenaria interpres
Great Knot,Calidris tenuirostris
Red Knot,Calidris canutus
Ruff,Calidris pugnax
Broad-billed Sandpiper,Calidris falcinellus
Sharp-tailed Sandpiper,Calidris acuminata
Stilt Sandpiper,Calidris himantopus
Curlew Sandpiper,Calidris ferruginea
Temminck's Stint,Calidris temminckii
Long-toed Stint,Calidris subminuta
Spoon-billed Sandpiper,Calidris pygmaea
Red-necked Stint,Calidris ruficollis
Sanderling,Calidris alba
Dunlin,Calidris alpina
Little Stint,Calidris minuta
Buff-breasted Sandpiper,Calidris subruficollis
Pectoral Sandpiper,Calidris melanotos
Asian Dowitcher,Limnodromus semipalmatus
Long-billed Dowitcher,Limnodromus scolopaceus
Eurasian Woodcock,Scolopax rusticola
Jack Snipe,Lymnocryptes minimus
Solitary Snipe,Gallinago solitaria
Wood Snipe,Gallinago nemoricola
Pin-tailed Snipe,Gallinago stenura
Swinhoe's Snipe,Gallinago megala
Great Snipe,Gallinago media
Common Snipe,Gallinago gallinago
Terek Sandpiper,Xenus cinereus
Red-necked Phalarope,Phalaropus lobatus
Red Phalarope,Phalaropus fulicarius
Common Sandpiper,Actitis hypoleucos
Green Sandpiper,Tringa ochropus
Grey-tailed Tattler,Tringa brevipes
Common Redshank,Tringa totanus
Marsh Sandpiper,Tringa stagnatilis
Wood Sandpiper,Tringa glareola
Spotted Redshank,Tringa erythropus
Common Greenshank,Tringa nebularia
Nordmann's Greenshank,Tringa guttifer
Crab-plover,Dromas ardeola
Cream-colored Courser,Cursorius cursor
Indian Courser,Cursorius coromandelicus
Jerdon's Courser,Rhinoptilus bitorquatus
Collared Pratincole,Glareola pratincola
Oriental Pratincole,Glareola maldivarum
Small Pratincole,Glareola lactea
Brown Noddy,Anous stolidus
Lesser Noddy,Anous tenuirostris
Black Noddy,Anous minutus
White Tern,Gygis alba
Indian Skimmer,Rynchops albicollis
Black-legged Kittiwake,Rissa tridactyla
Sabine's Gull,Xema sabini
Slender-billed Gull,Chroicocephalus genei
Brown-headed Gull,Chroicocephalus brunnicephalus
Black-headed Gull,Chroicocephalus ridibundus
Little Gull,Hydrocoloeus minutus
Laughing Gull,Leucophaeus atricilla
Franklin's Gull,Leucophaeus pipixcan
Pallas's Gull,Ichthyaetus ichthyaetus
White-eyed Gull,Ichthyaetus leucophthalmus
Sooty Gull,Ichthyaetus hemprichii
Common Gull,Larus canus
Vega Gull,Larus vegae
Caspian Gull,Larus cachinnans
Lesser Black-backed Gull,Larus fuscus
Gull-billed Tern,Gelochelidon nilotica
Caspian Tern,Hydroprogne caspia
Greater Crested Tern,Thalasseus bergii
Lesser Crested Tern,Thalasseus bengalensis
Sandwich Tern,Thalasseus sandvicensis
Little Tern,Sternula albifrons
Saunders's Tern,Sternula saundersi
Bridled Tern,Onychoprion anaethetus
Sooty Tern,Onychoprion fuscatus
River Tern,Sterna aurantia
Roseate Tern,Sterna dougallii
Black-naped Tern,Sterna sumatrana
Common Tern,Sterna hirundo
White-cheeked Tern,Sterna repressa
Arctic Tern,Sterna paradisaea
Black-bellied Tern,Sterna acuticauda
Whiskered Tern,Chlidonias hybrida
White-winged Tern,Chlidonias leucopterus
Black Tern,Chlidonias niger
South Polar Skua,Stercorarius maccormicki
Brown Skua,Stercorarius antarcticus
Pomarine Jaeger,Stercorarius pomarinus
Parasitic Jaeger,Stercorarius parasiticus
Long-tailed Jaeger,Stercorarius longicaudus
Red-billed Tropicbird,Phaethon aethereus
Red-tailed Tropicbird,Phaethon rubricauda
White-tailed Tropicbird,Phaethon lepturus
Red-throated Loon,Gavia stellata
Black-throated Loon,Gavia arctica
Wilson's Storm Petrel,Oceanites oceanicus
White-faced Storm Petrel,Pelagodroma marina
White-bellied Storm Petrel,Fregetta grallaria
Black-bellied Storm Petrel,Fregetta tropica
Light-mantled Albatross,Phoebetria palpebrata
Swinhoe's Storm Petrel,Hydrobates monorhis
Barau's Petrel,Pterodroma baraui
Streaked Shearwater,Calonectris leucomelas
Cory's Shearwater,Calonectris borealis
Wedge-tailed Shearwater,Ardenna pacifica
Sooty Shearwater,Ardenna grisea
Short-tailed Shearwater,Ardenna tenuirostris
Flesh-footed Shearwater,Ardenna carneipes
Persian Shearwater,Puffinus persicus
Tropical Shearwater,Puffinus bailloni
Jouanin's Petrel,Bulweria fallax
African Openbill,Anastomus lamelligerus
Asian Openbill,Anastomus oscitans
Lesser Adjutant,Leptoptilos javanicus
Greater Adjutant,Leptoptilos dubius
Painted Stork,Mycteria leucocephala
Black-necked Stork,Ephippiorhynchus asiaticus
Asian Woolly-necked Stork,Ciconia episcopus
Black Stork,Ciconia nigra
White Stork,Ciconia ciconia
Christmas Frigatebird,Fregata andrewsi
Great Frigatebird,Fregata minor
Lesser Frigatebird,Fregata ariel
Masked Booby,Sula dactylatra
Red-footed Booby,Sula sula
Brown Booby,Sula leucogaster
Oriental Darter,Anhinga melanogaster
Little Cormorant,Microcarbo niger
Indian Cormorant,Phalacrocorax fuscicollis
Great Cormorant,Phalacrocorax carbo
Black-headed Ibis,Threskiornis melanocephalus
Red-naped Ibis,Pseudibis papillosa
Glossy Ibis,Plegadis falcinellus
Eurasian Spoonbill,Platalea leucorodia
Eurasian Bittern,Botaurus stellaris
Little Bittern,Ixobrychus minutus
Yellow Bittern,Ixobrychus sinensis
Cinnamon Bittern,Ixobrychus cinnamomeus
Black Bittern,Ixobrychus flavicollis
White-eared Night Heron,Gorsachius magnificus
Malayan Night Heron,Gorsachius melanolophus
Black-crowned Night Heron,Nycticorax nycticorax
Striated Heron,Butorides striata
Indian Pond Heron,Ardeola grayii
Chinese Pond Heron,Ardeola bacchus
Javan Pond Heron,Ardeola speciosa
Eastern Cattle Egret,Bubulcus coromandus
Grey Heron,Ardea cinerea
White-bellied Heron,Ardea insignis
Goliath Heron,Ardea goliath
Purple Heron,Ardea purpurea
Great Egret,Ardea alba
Intermediate Egret,Ardea intermedia
Little Egret,Egretta garzetta
Western Reef Heron,Egretta gularis
Pacific Reef Heron,Egretta sacra
Chinese Egret,Egretta eulophotes
Great White Pelican,Pelecanus onocrotalus
Spot-billed Pelican,Pelecanus philippensis
Dalmatian Pelican,Pelecanus crispus
Osprey,Pandion haliaetus
Black-winged Kite,Elanus caeruleus
Bearded Vulture,Gypaetus barbatus
Egyptian Vulture,Neophron percnopterus
European Honey Buzzard,Pernis apivorus
Crested Honey Buzzard,Pernis ptilorhynchus
Jerdon's Baza,Aviceda jerdoni
Black Baza,Aviceda leuphotes
White-rumped Vulture,Gyps bengalensis
Indian Vulture,Gyps indicus
Slender-billed Vulture,Gyps tenuirostris
Himalayan Vulture,Gyps himalayensis
Griffon Vulture,Gyps fulvus
Red-headed Vulture,Sarcogyps calvus
Cinereous Vulture,Aegypius monachus
Crested Serpent Eagle,Spilornis cheela
Great Nicobar Serpent Eagle,Spilornis klossi
Andaman Serpent Eagle,Spilornis elgini
Short-toed Snake Eagle,Circaetus gallicus
Legge's Hawk-Eagle,Nisaetus kelaarti
Mountain Hawk-Eagle,Nisaetus nipalensis
Changeable Hawk-Eagle,Nisaetus cirrhatus
Rufous-bellied Eagle,Lophotriorchis kienerii
Black Eagle,Ictinaetus malaiensis
Indian Spotted Eagle,Clanga hastata
Greater Spotted Eagle,Clanga clanga
Booted Eagle,Hieraaetus pennatus
Steppe Eagle,Aquila nipalensis
Tawny Eagle,Aquila rapax
Eastern Imperial Eagle,Aquila heliaca
Golden Eagle,Aquila chrysaetos
Bonelli's Eagle,Aquila fasciata
Crested Goshawk,Accipiter trivirgatus
Shikra,Accipiter badius
Nicobar Sparrowhawk,Accipiter butleri
Levant Sparrowhawk,Accipiter brevipes
Chinese Sparrowhawk,Accipiter soloensis
Japanese Sparrowhawk,Accipiter gularis
Besra,Accipiter virgatus
Eurasian Sparrowhawk,Accipiter nisus
Eurasian Goshawk,Accipiter gentilis
Western Marsh Harrier,Circus aeruginosus
Eastern Marsh Harrier,Circus spilonotus
Hen Harrier,Circus cyaneus
Pallid Harrier,Circus macrourus
Pied Harrier,Circus melanoleucos
Montagu's Harrier,Circus pygargus
Red Kite,Milvus milvus
Black Kite,Milvus migrans
Brahminy Kite,Haliastur indus
Pallas's Fish Eagle,Haliaeetus leucoryphus
White-tailed Eagle,Haliaeetus albicilla
White-bellied Sea Eagle,Icthyophaga leucogaster
Lesser Fish Eagle,Icthyophaga humilis
Grey-headed Fish Eagle,Icthyophaga ichthyaetus
White-eyed Buzzard,Butastur teesa
Rufous-winged Buzzard,Butastur liventer
Grey-faced Buzzard,Butastur indicus
Rough-legged Buzzard,Buteo lagopus
Upland Buzzard,Buteo hemilasius
Himalayan Buzzard,Buteo refectus
Long-legged Buzzard,Buteo rufinus
Common Buzzard,Buteo buteo
Eastern Barn Owl,Tyto javanica
Andaman Masked Owl,Tyto deroepstorffi
Eastern Grass Owl,Tyto longimembris
Oriental Bay Owl,Phodilus badius
Sri Lanka Bay Owl,Phodilus assimilis
Brown Boobook,Ninox scutulata
Hume's Boobook,Ninox obscura
Andaman Boobook,Ninox affinis
Collared Owlet,Taenioptynx brodiei
Boreal Owl,Aegolius funereus
Spotted Owlet,Athene brama
Little Owl,Athene noctua
Forest Owlet,Athene blewitti
Asian Barred Owlet,Glaucidium cuculoides
Jungle Owlet,Glaucidium radiatum
Andaman Scops Owl,Otus balli
Mountain Scops Owl,Otus spilocephalus
Pallid Scops Owl,Otus brucei
Eurasian Scops Owl,Otus scops
Oriental Scops Owl,Otus sunia
Nicobar Scops Owl,Otus alius
Indian Scops Owl,Otus bakkamoena
Collared Scops Owl,Otus lettia
Long-eared Owl,Asio otus
Short-eared Owl,Asio flammeus
Eurasian Eagle-Owl,Bubo bubo
Indian Eagle-Owl,Bubo bengalensis
Brown Fish Owl,Ketupa zeylonensis
Tawny Fish Owl,Ketupa flavipes
Buffy Fish Owl,Ketupa ketupu
Spot-bellied Eagle-Owl,Ketupa nipalensis
Dusky Eagle-Owl,Ketupa coromanda
Mottled Wood Owl,Strix ocellata
Brown Wood Owl,Strix leptogrammica
Tawny Owl,Strix aluco
Himalayan Owl,Strix nivicolum
Malabar Trogon,Harpactes fasciatus
Red-headed Trogon,Harpactes erythrocephalus
Ward's Trogon,Harpactes wardi
Eurasian Hoopoe,Upupa epops
Great Hornbill,Buceros bicornis
Oriental Pied Hornbill,Anthracoceros albirostris
Malabar Pied Hornbill,Anthracoceros coronatus
Malabar Grey Hornbill,Ocyceros griseus
Indian Grey Hornbill,Ocyceros birostris
Austen's Brown Hornbill,Anorrhinus austeni
Rufous-necked Hornbill,Aceros nipalensis
Narcondam Hornbill,Rhyticeros narcondami
Wreathed Hornbill,Rhyticeros undulatus
Indian Roller,Coracias benghalensis
Indochinese Roller,Coracias affinis
European Roller,Coracias garrulus
Oriental Dollarbird,Eurystomus orientalis
Stork-billed Kingfisher,Pelargopsis capensis
Brown-winged Kingfisher,Pelargopsis amauroptera
Ruddy Kingfisher,Halcyon coromanda
White-throated Kingfisher,Halcyon smyrnensis
Black-capped Kingfisher,Halcyon pileata
Collared Kingfisher,Todiramphus chloris
Blue-eared Kingfisher,Alcedo meninting
Common Kingfisher,Alcedo atthis
Blyth's Kingfisher,Alcedo hercules
Oriental Dwarf Kingfisher,Ceyx erithaca
Crested Kingfisher,Megaceryle lugubris
Pied Kingfisher,Ceryle rudis
Blue-bearded Bee-eater,Nyctyornis athertoni
African Green Bee-eater,Merops viridissimus
Asian Green Bee-eater,Merops orientalis
Blue-cheeked Bee-eater,Merops persicus
Blue-tailed Bee-eater,Merops philippinus
Blue-throated Bee-eater,Merops viridis
Chestnut-headed Bee-eater,Merops leschenaulti
European Bee-eater,Merops apiaster
Great Barbet,Psilopogon virens
Brown-headed Barbet,Psilopogon zeylanicus
Lineated Barbet,Psilopogon lineatus
White-cheeked Barbet,Psilopogon viridis
Golden-throated Barbet,Psilopogon franklinii
Blue-throated Barbet,Psilopogon asiaticus
Malabar Barbet,Psilopogon malabaricus
Coppersmith Barbet,Psilopogon haemacephalus
Yellow-rumped Honeyguide,Indicator xanthonotus
Eurasian Wryneck,Jynx torquilla
Speckled Piculet,Picumnus innominatus
White-browed Piculet,Sasia ochracea
Heart-spotted Woodpecker,Hemicircus canente
Brown-capped Pygmy Woodpecker,Yungipicus nanus
Grey-capped Pygmy Woodpecker,Yungipicus canicapillus
Brown-fronted Woodpecker,Dendrocoptes auriceps
Yellow-crowned Woodpecker,Leiopicus mahrattensis
Crimson-naped Woodpecker,Dryobates cathpharius
Necklaced Woodpecker,Dryobates pernyii
Rufous-bellied Woodpecker,Dendrocopos hyperythrus
Fulvous-breasted Woodpecker,Dendrocopos macei
Freckle-breasted Woodpecker,Dendrocopos analis
Stripe-breasted Woodpecker,Dendrocopos atratus
Darjeeling Woodpecker,Dendrocopos darjellensis
Himalayan Woodpecker,Dendrocopos himalayensis
Sind Woodpecker,Dendrocopos assimilis
Great Spotted Woodpecker,Dendrocopos major
White-bellied Woodpecker,Dryocopus javensis
Andaman Woodpecker,Dryocopus hodgei
Greater Yellownape,Chrysophlegma flavinucha
Lesser Yellownape,Picus chlorolophus
Streak-throated Woodpecker,Picus xanthopygaeus
Scaly-bellied Woodpecker,Picus squamatus
Grey-headed Woodpecker,Picus canus
Himalayan Flameback,Dinopium shorii
Common Flameback,Dinopium javanense
Black-rumped Flameback,Dinopium benghalense
Greater Flameback,Chrysocolaptes guttacristatus
Malabar Flameback,Chrysocolaptes socialis
White-naped Woodpecker,Chrysocolaptes festivus
Pale-headed Woodpecker,Gecinulus grantia
Bay Woodpecker,Blythipicus pyrrhotis
Rufous Woodpecker,Micropternus brachyurus
Great Slaty Woodpecker,Mulleripicus pulverulentus
Collared Falconet,Microhierax caerulescens
Pied Falconet,Microhierax melanoleucos
Lesser Kestrel,Falco naumanni
Common Kestrel,Falco tinnunculus
Red-necked Falcon,Falco chicquera
Red-footed Falcon,Falco vespertinus
Amur Falcon,Falco amurensis
Merlin,Falco columbarius
Eurasian Hobby,Falco subbuteo
Oriental Hobby,Falco severus
Laggar Falcon,Falco jugger
Saker Falcon,Falco cherrug
Peregrine Falcon,Falco peregrinus
Grey-headed Parakeet,Psittacula finschii
Slaty-headed Parakeet,Psittacula himalayana
Blossom-headed Parakeet,Psittacula roseata
Plum-headed Parakeet,Psittacula cyanocephala
Red-breasted Parakeet,Psittacula alexandri
Lord Derby's Parakeet,Psittacula derbiana
Long-tailed Parakeet,Psittacula longicauda
Blue-winged Parakeet,Psittacula columboides
Alexandrine Parakeet,Psittacula eupatria
Rose-ringed Parakeet,Psittacula krameri
Nicobar Parakeet,Psittacula caniceps
Vernal Hanging Parrot,Loriculus vernalis
Long-tailed Broadbill,Psarisomus dalhousiae
Grey-lored Broadbill,Serilophus rubropygius
Silver-breasted Broadbill,Serilophus lunatus
Blue-naped Pitta,Hydrornis nipalensis
Blue Pitta,Hydrornis cyaneus
Indian Pitta,Pitta brachyura
Blue-winged Pitta,Pitta moluccensis
Mangrove Pitta,Pitta megarhyncha
Hooded Pitta,Pitta sordida
Bar-winged Flycatcher-shrike,Hemipus picatus
Large Woodshrike,Tephrodornis virgatus
Malabar Woodshrike,Tephrodornis sylvicola
Common Woodshrike,Tephrodornis pondicerianus
Ashy Woodswallow,Artamus fuscus
White-breasted Woodswallow,Artamus leucorynchus
Common Iora,Aegithina tiphia
Marshall's Iora,Aegithina nigrolutea
White-bellied Minivet,Pericrocotus erythropygius
Small Minivet,Pericrocotus cinnamomeus
Grey-chinned Minivet,Pericrocotus solaris
Short-billed Minivet,Pericrocotus brevirostris
Long-tailed Minivet,Pericrocotus ethologus
Orange Minivet,Pericrocotus flammeus
Scarlet Minivet,Pericrocotus speciosus
Ashy Minivet,Pericrocotus divaricatus
Swinhoe's Minivet,Pericrocotus cantonensis
Rosy Minivet,Pericrocotus roseus
Bar-bellied Cuckooshrike,Coracina striata
Large Cuckooshrike,Coracina macei
Andaman Cuckooshrike,Coracina dobsoni
Pied Triller,Lalage nigra
Black-winged Cuckooshrike,Lalage melaschistos
Black-headed Cuckooshrike,Lalage melanoptera
Mangrove Whistler,Pachycephala cinerea
Green Shrike-babbler,Pteruthius xanthochlorus
Black-eared Shrike-babbler,Pteruthius melanotis
Black-headed Shrike-babbler,Pteruthius rufiventer
White-browed Shrike-babbler,Pteruthius aeralatus
Clicking Shrike-babbler,Pteruthius intermedius
White-bellied Erpornis,Erpornis zantholeuca
Maroon Oriole,Oriolus traillii
Black-hooded Oriole,Oriolus xanthornus
Indian Golden Oriole,Oriolus kundoo
Eurasian Golden Oriole,Oriolus oriolus
Black-naped Oriole,Oriolus chinensis
Slender-billed Oriole,Oriolus tenuirostris
Bronzed Drongo,Dicrurus aeneus
Lesser Racket-tailed Drongo,Dicrurus remifer
Crow-billed Drongo,Dicrurus annectens
Greater Racket-tailed Drongo,Dicrurus paradiseus
Andaman Drongo,Dicrurus andamanensis
Hair-crested Drongo,Dicrurus hottentottus
Short-tailed Drongo,Dicrurus striatus
Ashy Drongo,Dicrurus leucophaeus
White-bellied Drongo,Dicrurus caerulescens
Black Drongo,Dicrurus macrocercus
White-throated Fantail,Rhipidura albicollis
White-spotted Fantail,Rhipidura albogularis
White-browed Fantail,Rhipidura aureola
Black-naped Monarch,Hypothymis azurea
Indian Paradise Flycatcher,Terpsiphone paradisi
Blyth's Paradise Flycatcher,Terpsiphone affinis
Amur Paradise Flycatcher,Terpsiphone incei
Great Grey Shrike,Lanius excubitor
Masked Shrike,Lanius nubicus
Lesser Grey Shrike,Lanius minor
Woodchat Shrike,Lanius senator
Burmese Shrike,Lanius collurioides
Bay-backed Shrike,Lanius vittatus
Isabelline Shrike,Lanius isabellinus
Red-backed Shrike,Lanius collurio
Red-tailed Shrike,Lanius phoenicuroides
Brown Shrike,Lanius cristatus
Long-tailed Shrike,Lanius schach
Grey-backed Shrike,Lanius tephronotus
Eurasian Jay,Garrulus glandarius
Black-headed Jay,Garrulus lanceolatus
Yellow-billed Blue Magpie,Urocissa flavirostris
Red-billed Blue Magpie,Urocissa erythroryncha
Common Green Magpie,Cissa chinensis
Rufous Treepie,Dendrocitta vagabunda
Grey Treepie,Dendrocitta formosae
White-bellied Treepie,Dendrocitta leucogastra
Collared Treepie,Dendrocitta frontalis
Andaman Treepie,Dendrocitta bayleii
Eurasian Magpie,Pica pica
Black-rumped Magpie,Pica bottanensis
Spotted Nutcracker,Nucifraga caryocatactes
Kashmir Nutcracker,Nucifraga multipunctata
Red-billed Chough,Pyrrhocorax pyrrhocorax
Alpine Chough,Pyrrhocorax graculus
Western Jackdaw,Coloeus monedula
House Crow,Corvus splendens
Rook,Corvus frugilegus
Carrion Crow,Corvus corone
Hooded Crow,Corvus cornix
Large-billed Crow,Corvus macrorhynchos
Eastern Jungle Crow,Corvus levaillantii
Indian Jungle Crow,Corvus culminatus
Pied Crow,Corvus albus
Northern Raven,Corvus corax
Bohemian Waxwing,Bombycilla garrulus
Grey Hypocolius,Hypocolius ampelinus
Yellow-bellied Fantail,Chelidorhynx hypoxanthus
Grey-headed Canary-flycatcher,Culicicapa ceylonensis
Fire-capped Tit,Cephalopyrus flammiceps
Yellow-browed Tit,Sylviparus modestus
Sultan Tit,Melanochlora sultanea
Rufous-naped Tit,Periparus rufonuchalis
Rufous-vented Tit,Periparus rubidiventris
Coal Tit,Periparus ater
Grey-crested Tit,Lophophanes dichrous
Azure Tit,Cyanistes cyanus
Ground Tit,Pseudopodoces humilis
Great Tit,Parus major
Cinereous Tit,Parus cinereus
Green-backed Tit,Parus monticolus
White-naped Tit,Machlolophus nuchalis
Himalayan Black-lored Tit,Machlolophus xanthogenys
Indian Black-lored Tit,Machlolophus aplonotus
Yellow-cheeked Tit,Machlolophus spilonotus
White-crowned Penduline Tit,Remiz coronatus
Greater Hoopoe-Lark,Alaemon alaudipes
Desert Lark,Ammomanes deserti
Rufous-tailed Lark,Ammomanes phoenicura
Black-crowned Sparrow-Lark,Eremopterix nigriceps
Ashy-crowned Sparrow-Lark,Eremopterix griseus
Singing Bush Lark,Mirafra javanica
Bengal Bush Lark,Mirafra assamica
Indian Bush Lark,Mirafra erythroptera
Jerdon's Bush Lark,Mirafra affinis
Oriental Skylark,Alauda gulgula
Eurasian Skylark,Alauda arvensis
Sykes's Lark,Galerida deva
Crested Lark,Galerida cristata
Malabar Lark,Galerida malabarica
Horned Lark,Eremophila alpestris
Hume's Short-toed Lark,Calandrella acutirostris
Mongolian Short-toed Lark,Calandrella dukhunensis
Greater Short-toed Lark,Calandrella brachydactyla
Bimaculated Lark,Melanocorypha bimaculata
Tibetan Lark,Melanocorypha maxima
Turkestan Short-toed Lark,Alaudala heinei
Sand Lark,Alaudala raytal
White-throated Bulbul,Alophoixus flaveolus
Striated Bulbul,Alcurus striatus
Cachar Bulbul,Iole cacharensis
Grey-eyed Bulbul,Iole propinqua
Ashy Bulbul,Hemixos flavala
Yellow-browed Bulbul,Acritillas indica
Mountain Bulbul,Ixos mcclellandii
Nicobar Bulbul,Ixos nicobariensis
Black Bulbul,Hypsipetes leucocephalus
Square-tailed Bulbul,Hypsipetes ganeesa
Grey-headed Bulbul,Brachypodius priocephalus
Black-headed Bulbul,Brachypodius melanocephalos
Andaman Bulbul,Brachypodius fuscoflavescens
Black-crested Bulbul,Rubigula flaviventris
Flame-throated Bulbul,Rubigula gularis
Crested Finchbill,Spizixos canifrons
White-browed Bulbul,Pycnonotus luteolus
Flavescent Bulbul,Pycnonotus flavescens
Yellow-throated Bulbul,Pycnonotus xantholaemus
Red-whiskered Bulbul,Pycnonotus jocosus
Red-vented Bulbul,Pycnonotus cafer
White-eared Bulbul,Pycnonotus leucotis
Himalayan Bulbul,Pycnonotus leucogenys
Sand Martin,Riparia riparia
Pale Martin,Riparia diluta
Grey-throated Martin,Riparia chinensis
Eurasian Crag Martin,Ptyonoprogne rupestris
Pale Crag Martin,Ptyonoprogne obsoleta
Dusky Crag Martin,Ptyonoprogne concolor
Pacific Swallow,Hirundo tahitica
Hill Swallow,Hirundo domicola
Wire-tailed Swallow,Hirundo smithii
Barn Swallow,Hirundo rustica
Western House Martin,Delichon urbicum
Siberian House Martin,Delichon lagopodum
Nepal House Martin,Delichon nipalense
Asian House Martin,Delichon dasypus
Red-rumped Swallow,Cecropis daurica
Striated Swallow,Cecropis striolata
Streak-throated Swallow,Petrochelidon fluvicola
Scaly-breasted Cupwing,Pnoepyga albiventer
Nepal Cupwing,Pnoepyga immaculata
Pygmy Cupwing,Pnoepyga pusilla
Yellow-bellied Warbler,Abroscopus superciliaris
Rufous-faced Warbler,Abroscopus albogularis
Black-faced Warbler,Abroscopus schisticeps
Mountain Tailorbird,Phyllergates cucullatus
Broad-billed Warbler,Tickellia hodgsoni
Manchurian Bush Warbler,Horornis canturians
Brown-flanked Bush Warbler,Horornis fortipes
Hume's Bush Warbler,Horornis brunnescens
Aberrant Bush Warbler,Horornis flavolivaceus
Grey-bellied Tesia,Tesia cyaniventer
Slaty-bellied Tesia,Tesia olivea
Cetti's Warbler,Cettia cetti
Chestnut-crowned Bush Warbler,Cettia major
Grey-sided Bush Warbler,Cettia brunnifrons
Chestnut-headed Tesia,Cettia castaneocoronata
Asian Stubtail,Urosphena squameiceps
Pale-footed Bush Warbler,Hemitesia pallidipes
White-browed Tit-warbler,Leptopoecile sophiae
Crested Tit-warbler,Leptopoecile elegans
White-cheeked Bushtit,Aegithalos leucogenys
Black-throated Bushtit,Aegithalos concinnus
White-throated Bushtit,Aegithalos niveogularis
Rufous-fronted Bushtit,Aegithalos iouschistos
Black-browed Bushtit,Aegithalos bonvaloti
Wood Warbler,Phylloscopus sibilatrix
Buff-barred Warbler,Phylloscopus pulcher
Ashy-throated Warbler,Phylloscopus maculipennis
Hume's Leaf Warbler,Phylloscopus humei
Yellow-browed Warbler,Phylloscopus inornatus
Brooks's Leaf Warbler,Phylloscopus subviridis
Chinese Leaf Warbler,Phylloscopus yunnanensis
Lemon-rumped Warbler,Phylloscopus chloronotus
Sichuan Leaf Warbler,Phylloscopus forresti
Pallas's Leaf Warbler,Phylloscopus proregulus
Tytler's Leaf Warbler,Phylloscopus tytleri
Sulphur-bellied Warbler,Phylloscopus griseolus
Tickell's Leaf Warbler,Phylloscopus affinis
Smoky Warbler,Phylloscopus fuligiventer
Dusky Warbler,Phylloscopus fuscatus
Plain Leaf Warbler,Phylloscopus neglectus
Buff-throated Warbler,Phylloscopus subaffinis
Willow Warbler,Phylloscopus trochilus
Mountain Chiffchaff,Phylloscopus sindianus
Common Chiffchaff,Phylloscopus collybita
White-spectacled Warbler,Phylloscopus intermedius
Grey-cheeked Warbler,Phylloscopus poliogenys
Green-crowned Warbler,Phylloscopus burkii
Grey-crowned Warbler,Phylloscopus tephrocephalus
Whistler's Warbler,Phylloscopus whistleri
Bianchi's Warbler,Phylloscopus valentini
Green Warbler,Phylloscopus nitidus
Two-barred Warbler,Phylloscopus plumbeitarsus
Greenish Warbler,Phylloscopus trochiloides
Large-billed Leaf Warbler,Phylloscopus magnirostris
Sakhalin Leaf Warbler,Phylloscopus borealoides
Pale-legged Leaf Warbler,Phylloscopus tenellipes
Arctic Warbler,Phylloscopus borealis
Chestnut-crowned Warbler,Phylloscopus castaniceps
Yellow-vented Warbler,Phylloscopus cantator
Western Crowned Warbler,Phylloscopus occipitalis
Blyth's Leaf Warbler,Phylloscopus reguloides
Claudia's Leaf Warbler,Phylloscopus claudiae
Grey-hooded Warbler,Phylloscopus xanthoschistos
Great Reed Warbler,Acrocephalus arundinaceus
Oriental Reed Warbler,Acrocephalus orientalis
Clamorous Reed Warbler,Acrocephalus stentoreus
Black-browed Reed Warbler,Acrocephalus bistrigiceps
Moustached Warbler,Acrocephalus melanopogon
Sedge Warbler,Acrocephalus schoenobaenus
Blunt-winged Warbler,Acrocephalus concinens
Large-billed Reed Warbler,Acrocephalus orinus
Paddyfield Warbler,Acrocephalus agricola
Blyth's Reed Warbler,Acrocephalus dumetorum
Thick-billed Warbler,Arundinax aedon
Booted Warbler,Iduna caligata
Sykes's Warbler,Iduna rama
Pallas's Grasshopper Warbler,Helopsaltes certhiola
Lanceolated Warbler,Locustella lanceolata
Long-billed Bush Warbler,Locustella major
Brown Bush Warbler,Locustella luteoventris
Common Grasshopper Warbler,Locustella naevia
Chinese Bush Warbler,Locustella tacsanowskia
Baikal Bush Warbler,Locustella davidi
West Himalayan Bush Warbler,Locustella kashmirensis
Spotted Bush Warbler,Locustella thoracica
Russet Bush Warbler,Locustella mandelli
Striated Grassbird,Megalurus palustris
Broad-tailed Grassbird,Schoenicola platyurus
Bristled Grassbird,Schoenicola striatus
Zitting Cisticola,Cisticola juncidis
Golden-headed Cisticola,Cisticola exilis
Himalayan Prinia,Prinia crinigera
Striped Prinia,Prinia striata
Black-throated Prinia,Prinia atrogularis
Rufous-crowned Prinia,Prinia khasiana
Hill Prinia,Prinia superciliaris
Grey-crowned Prinia,Prinia cinereocapilla
Rufous-fronted Prinia,Prinia buchanani
Rufescent Prinia,Prinia rufescens
Grey-breasted Prinia,Prinia hodgsonii
Delicate Prinia,Prinia lepida
Jungle Prinia,Prinia sylvatica
Yellow-bellied Prinia,Prinia flaviventris
Ashy Prinia,Prinia socialis
Plain Prinia,Prinia inornata
Common Tailorbird,Orthotomus sutorius
Dark-necked Tailorbird,Orthotomus atrogularis
Eurasian Blackcap,Sylvia atricapilla
Garden Warbler,Sylvia borin
Barred Warbler,Curruca nisoria
Lesser Whitethroat,Curruca curruca
Eastern Orphean Warbler,Curruca crassirostris
Asian Desert Warbler,Curruca nana
Common Whitethroat,Curruca communis
Fire-tailed Myzornis,Myzornis pyrrhoura
Golden-breasted Fulvetta,Lioparus chrysotis
Yellow-eyed Babbler,Chrysomma sinense
Jerdon's Babbler,Chrysomma altirostre
White-browed Fulvetta,Fulvetta vinipectus
Brown-throated Fulvetta,Fulvetta ludlowi
Manipur Fulvetta,Fulvetta manipurensis
Black-breasted Parrotbill,Paradoxornis flavirostris
Spot-breasted Parrotbill,Paradoxornis guttaticollis
Great Parrotbill,Paradoxornis aemodius
Brown Parrotbill,Paradoxornis unicolor
Grey-headed Parrotbill,Paradoxornis gularis
White-breasted Parrotbill,Paradoxornis ruficeps
Rufous-headed Parrotbill,Paradoxornis bakeri
Fulvous Parrotbill,Suthora fulvifrons
Black-throated Parrotbill,Suthora nipalensis
Pale-billed Parrotbill,Suthora atrosuperciliaris
Striated Yuhina,Staphida castaniceps
Black-chinned Yuhina,Yuhina nigrimenta
Whiskered Yuhina,Yuhina flavicollis
White-naped Yuhina,Yuhina bakeri
Stripe-throated Yuhina,Yuhina gularis
Rufous-vented Yuhina,Yuhina occipitalis
Chestnut-flanked White-eye,Zosterops erythropleurus
Indian White-eye,Zosterops palpebrosus
Chestnut-capped Babbler,Timalia pileata
Tawny-bellied Babbler,Dumetia hyperythra
Dark-fronted Babbler,Dumetia atriceps
Pin-striped Tit-Babbler,Mixornis gularis
Golden Babbler,Cyanoderma chrysaeum
Black-chinned Babbler,Cyanoderma pyrrhops
Rufous-capped Babbler,Cyanoderma ruficeps
Buff-chested Babbler,Cyanoderma ambiguum
Rufous-throated Wren-Babbler,Spelaeornis caudatus
Mishmi Wren-Babbler,Spelaeornis badeigularis
Bar-winged Wren-Babbler,Spelaeornis troglodytoides
Naga Wren-Babbler,Spelaeornis chocolatinus
Chin Hills Wren-Babbler,Spelaeornis oatesi
Tawny-breasted Wren-Babbler,Spelaeornis longicaudatus
Grey-bellied Wren-Babbler,Spelaeornis reptatus
Black-crowned Scimitar Babbler,Pomatorhinus ferruginosus
Brown-crowned Scimitar Babbler,Pomatorhinus phayrei
Red-billed Scimitar Babbler,Pomatorhinus ochraceiceps
Slender-billed Scimitar Babbler,Pomatorhinus superciliaris
Streak-breasted Scimitar Babbler,Pomatorhinus ruficollis
White-browed Scimitar Babbler,Pomatorhinus schisticeps
Indian Scimitar Babbler,Pomatorhinus horsfieldii
Large Scimitar Babbler,Erythrogenys hypoleucos
Rusty-cheeked Scimitar Babbler,Erythrogenys erythrogenys
Spot-breasted Scimitar Babbler,Erythrogenys mcclellandi
Grey-throated Babbler,Stachyris nigriceps
Sikkim Wedge-billed Babbler,Stachyris humei
Cachar Wedge-billed Babbler,Stachyris roberti
Snowy-throated Babbler,Stachyris oglei
Indian Grassbird,Graminicola bengalensis
White-hooded Babbler,Gampsorhynchus rufulus
Yellow-throated Fulvetta,Schoeniparus cinereus
Rufous-winged Fulvetta,Schoeniparus castaneceps
Rufous-throated Fulvetta,Schoeniparus rufogularis
Rusty-capped Fulvetta,Schoeniparus dubius
Puff-throated Babbler,Pellorneum ruficeps
Marsh Babbler,Pellorneum palustre
Spot-throated Babbler,Pellorneum albiventre
Buff-breasted Babbler,Pellorneum tickelli
Rufous-vented Grass Babbler,Laticilla burnesii
Swamp Grass Babbler,Laticilla cinerascens
Abbott's Babbler,Malacocincla abbotti
Streaked Wren-Babbler,Gypsophila brevicaudata
Eyebrowed Wren-Babbler,Napothera epilepidota
Long-billed Wren-Babbler,Napothera malacoptila
Brown-cheeked Fulvetta,Alcippe poioicephala
Nepal Fulvetta,Alcippe nipalensis
Striated Laughingthrush,Grammatoptila striata
Himalayan Cutia,Cutia nipalensis
Scaly Laughingthrush,Trochalopteron subunicolor
Brown-capped Laughingthrush,Trochalopteron austeni
Blue-winged Laughingthrush,Trochalopteron squamatum
Streaked Laughingthrush,Trochalopteron lineatum
Bhutan Laughingthrush,Trochalopteron imbricatum
Striped Laughingthrush,Trochalopteron virgatum
Variegated Laughingthrush,Trochalopteron variegatum
Black-faced Laughingthrush,Trochalopteron affine
Elliot's Laughingthrush,Trochalopteron elliotii
Chestnut-crowned Laughingthrush,Trochalopteron erythrocephalum
Assam Laughingthrush,Trochalopteron chrysopterum
Banasura Laughingthrush,Montecincla jerdoni
Nilgiri Laughingthrush,Montecincla cachinnans
Palani Laughingthrush,Montecincla fairbanki
Ashambu Laughingthrush,Montecincla meridionalis
Long-tailed Sibia,Heterophasia picaoides
Rufous Sibia,Heterophasia capistrata
Beautiful Sibia,Heterophasia pulchella
Grey Sibia,Heterophasia gracilis
Hoary-throated Barwing,Actinodura nipalensis
Streak-throated Barwing,Actinodura waldeni
Blue-winged Minla,Actinodura cyanouroptera
Bar-throated Minla,Actinodura strigula
Rusty-fronted Barwing,Actinodura egertoni
Red-billed Leiothrix,Leiothrix lutea
Silver-eared Mesia,Leiothrix argentauris
Red-tailed Minla,Minla ignotincta
Rufous-backed Sibia,Leioptila annectens
Bugun Liocichla,Liocichla bugunorum
Red-faced Liocichla,Liocichla phoenicea